w,gap
0.55,-0.60
0.01,1.09
0.05,3.93
0.04,7.13
0.26,-0.71
0.30,-1.11
0.05,1.38
0.19,-1.45
0.18,0.59
0.08,3.01
0.15,-0.94
0.25,-0.58
0.00,0.71
0.01,1.53
0.00,1.12
0.18,-1.21
0.00,2.04
0.92,0.69
0.05,3.80
0.46,-0.71
0.04,9.47
0.02,8.88
0.00,2.82
0.00,12.14
0.05,1.04
0.47,-0.67
0.23,-1.25
0.07,2.78
0.04,2.65
0.01,2.24
0.07,4.48
0.03,0.72
0.21,-0.91
0.02,0.93
0.11,-1.88
0.02,17.25
0.03,4.93
0.04,1.58
0.04,2.37
0.03,4.36
0.00,8.81
0.05,0.53
0.07,8.78
0.06,5.49
0.31,-1.09
0.31,-0.87
0.48,-0.73
0.01,0.73
0.27,-1.25
0.62,0.54
0.09,6.13
0.00,1.49
0.26,-1.18
0.16,-1.83
0.03,1.35
0.10,-1.83
0.00,3.27
0.01,3.56
0.01,2.31
0.05,4.25
0.30,-0.86
0.06,1.41
0.11,-1.89
0.02,4.30
0.00,2.02
0.27,-1.15
0.16,-1.81
0.38,-0.62
0.00,3.28
0.00,6.45
0.40,-0.83
0.11,1.20
0.30,-1.19
0.14,0.87
0.00,7.46
0.02,2.59
0.45,-0.74
0.00,8.34
0.24,-0.77
0.03,0.91
0.01,1.31
0.12,1.01
0.05,2.11
0.00,3.97
0.25,-0.52
0.11,3.94
0.02,3.26
0.09,1.49
0.18,-0.96
0.01,1.92
0.01,4.62
0.04,2.87
0.05,4.84
0.00,9.92
0.00,5.02
0.54,-0.60
0.04,6.02
0.21,-0.98
0.00,7.53
0.02,2.06
0.00,9.97
0.48,-0.75
0.01,0.87
0.20,-1.54
0.89,0.54
0.00,1.35
0.12,-1.82
0.04,7.66
0.04,4.21
0.11,4.15
0.80,1.43
0.66,0.61
0.00,10.81
0.06,3.20
0.02,9.42
0.03,5.23
0.01,2.40
0.04,10.48
0.29,-0.67
0.02,5.61
0.17,1.47
0.00,3.32
0.42,-0.84
0.50,-0.59
0.46,-0.77
0.17,1.32
0.01,4.61
0.14,-1.22
0.06,7.95
0.19,-1.13
0.05,4.40
0.00,0.86
0.00,2.37
0.12,1.25
0.32,-0.87
0.14,-1.43
0.29,-1.17
0.00,6.58
0.02,3.77
0.23,-1.46
0.00,8.58
0.19,-1.67
0.05,6.27
0.92,0.62
0.02,4.07
0.31,-0.96
0.00,3.10
0.00,5.73
0.54,-0.58
0.46,-0.78
0.16,0.56
0.46,-0.76
0.01,4.94
0.00,11.03
0.03,1.54
0.07,-1.64
0.03,4.12
0.01,-0.68
0.64,0.55
0.07,5.86
0.45,-0.79
0.03,1.42
0.02,6.70
0.01,5.32
0.00,9.33
0.48,-0.73
0.04,7.57
0.04,1.92
0.00,3.85
0.12,1.91
0.45,-0.61
0.01,5.09
0.88,0.52
0.52,1.00
0.04,0.63
0.01,4.74
0.11,6.39
0.00,5.94
0.03,1.67
0.04,6.27
0.00,5.81
0.00,3.94
0.60,-0.50
0.00,5.30
0.43,-0.72
0.04,4.21
0.03,3.56
0.00,7.16
0.29,-1.24
0.18,1.05
0.78,0.59
0.01,2.97
0.44,-0.70
0.49,-0.70
0.02,1.09
0.85,0.51
0.47,-0.69
0.00,2.53
0.00,0.92
0.01,4.42
0.02,9.84
0.00,5.55
0.01,2.02
0.20,-1.46
0.02,0.75
0.00,2.31
0.24,-1.40
0.09,-2.38
0.08,4.28
0.00,2.45
0.30,-1.14
0.00,4.47
0.06,3.89
0.03,6.06
0.07,4.48
0.20,-1.63
0.00,5.64
0.05,5.12
0.36,-0.99
0.01,2.89
0.09,1.20
0.00,10.21
0.01,2.70
0.08,9.83
0.28,-0.87
0.00,8.95
0.19,-0.90
0.05,1.36
0.81,0.54
0.30,-1.08
0.00,3.22
0.02,3.14
0.09,5.09
0.09,0.89
0.00,13.82
0.04,10.79
0.05,2.16
0.01,4.92
0.49,-0.61
0.02,1.92
0.45,-0.63
0.20,-1.44
0.01,3.69
0.07,6.90
0.04,11.50
0.00,1.88
0.04,3.49
0.04,5.25
0.03,4.28
0.16,0.56
0.06,3.81
0.06,6.01
0.50,-0.69
0.02,0.64
0.16,-0.91
0.23,-1.29
0.12,3.27
0.44,-0.73
0.08,3.88
0.27,-1.18
0.02,10.12
0.18,-1.34
0.00,5.63
0.02,4.95
0.58,-0.52
0.56,-0.56
0.43,-0.75
0.39,-0.65
0.00,5.00
0.00,1.80
0.02,4.38
0.00,7.36
0.11,6.68
0.35,-1.04
0.02,1.45
0.00,4.49
0.01,9.75
0.22,1.58
0.00,2.66
0.00,10.12
0.00,18.05
0.23,-1.03
0.52,-0.61
0.08,3.07
0.01,5.12
0.45,-0.76
0.00,1.87
0.00,15.38
0.02,3.80
0.15,2.51
0.39,-0.71
0.06,7.66
0.10,4.71
0.48,-0.56
0.25,-1.09
0.50,-0.67
0.02,5.58
0.11,1.56
0.20,-1.43
0.02,1.07
0.00,4.86
0.36,-0.97
0.00,5.80
0.00,0.90
0.18,0.72
0.30,-1.15
0.21,-1.34
0.05,6.98
0.04,4.10
0.03,4.31
0.05,10.89
0.07,2.34
0.05,3.21
0.00,0.99
0.33,-0.74
0.51,-0.66
0.01,1.73
0.05,6.59
0.00,1.86
0.05,0.69
0.45,-0.79
0.03,0.95
0.31,-1.11
0.07,3.36
0.05,5.99
0.52,-0.66
0.16,0.54
0.05,2.08
0.02,4.76
0.08,-2.45
0.02,2.35
0.25,-1.35
0.03,5.16
0.09,6.79
0.45,-0.56
0.02,3.86
0.00,2.55
0.28,-0.89
0.08,2.07
0.15,-1.88
0.39,-0.93
0.00,6.59
0.11,0.89
0.46,-0.70
0.01,6.93
0.01,1.25
0.26,-0.69
0.38,-0.97
0.04,3.50
0.06,9.23
0.09,1.54
0.00,5.54
0.05,1.95
0.04,5.48
0.00,2.82
0.00,3.00
0.00,3.75
0.47,-0.73
0.36,0.61
0.05,6.71
0.16,3.10
0.04,4.10
0.11,2.13
0.07,1.75
0.00,5.95
0.23,-1.00
0.33,-0.68
0.05,2.72
0.95,0.52
0.00,8.71
0.06,1.08
0.00,7.36
0.01,4.65
0.15,-1.10
0.01,6.15
0.25,-0.98
0.02,0.86
0.00,4.23
0.11,0.71
0.00,2.73
0.75,1.36
0.05,5.49
0.12,2.11
0.59,-0.52
0.01,9.24
0.04,2.25
0.09,-2.27
0.00,3.61
0.23,-1.15
0.00,5.24
0.00,7.92
0.24,-1.00
0.05,3.14
0.05,3.26
0.00,5.48
0.04,1.06
0.04,3.85
0.20,1.84
0.02,4.15
0.38,-0.91
0.00,6.94
0.05,-0.71
0.34,-1.02
0.11,-1.18
0.00,6.60
0.01,5.67
0.09,3.40
0.00,4.00
0.03,5.08
0.31,-0.66
0.00,24.64
0.00,1.79
0.01,1.09
0.21,1.02
0.01,0.77
0.31,-0.96
0.00,5.55
0.03,5.02
0.29,-1.13
0.01,10.66
0.27,-1.14
0.09,3.69
0.58,1.43
0.17,1.00
0.00,1.40
0.00,6.77
0.11,-0.93
0.02,0.62
0.00,9.40
0.40,-0.88
0.59,-0.53
0.49,-0.69
0.03,6.34
0.04,0.63
0.08,13.57
0.06,7.65
0.26,-1.31
0.54,-0.62
0.00,1.75
0.02,5.13
0.05,2.41
0.07,2.10
0.02,5.59
0.13,-1.23
0.02,2.21
0.20,-1.37
0.01,1.34
0.23,-1.17
0.05,3.48
0.00,2.95
0.12,2.64
0.02,0.81
0.07,1.49
0.39,-0.94
0.02,2.89
0.46,-0.77
0.12,0.66
0.16,-0.98
0.04,3.17
0.16,-1.30
0.20,-1.59
0.06,-0.67
0.07,-0.66
0.02,2.14
0.02,3.55
0.01,7.94
0.03,3.50
0.02,5.60
0.06,3.65
0.00,1.68
0.02,11.50
0.28,-0.72
0.11,-2.23
0.23,-0.86
0.05,3.87
0.00,2.13
0.00,5.97
0.01,7.67
0.23,-1.25
0.00,3.93
0.00,7.33
0.02,1.93
0.14,-1.85
0.01,1.62
0.01,4.61
0.00,3.31
0.41,-0.89
0.00,1.64
0.41,-0.90
0.00,8.87
0.04,3.43
0.72,1.14
0.00,2.62
0.48,-0.72
0.11,2.27
0.23,-1.32
0.05,2.68
0.34,-1.03
0.85,0.63
0.00,3.67
0.04,1.18
0.00,1.68
0.05,1.89
0.02,3.33
0.33,-0.90
0.04,3.68
0.04,5.48
0.12,1.24
0.00,7.62
0.02,2.06
0.05,7.56
0.08,5.23
0.07,6.89
0.16,-1.85
0.02,4.21
0.00,12.07
0.35,-0.71
0.45,-0.79
0.02,6.19
0.13,1.26
0.08,1.00
0.25,-0.89
0.11,-2.05
0.02,5.31
0.06,2.54
0.01,2.51
0.00,5.95
0.03,0.62
0.04,5.74
0.00,5.90
0.01,7.66
0.36,-0.98
0.27,-1.00
0.00,6.93
0.00,0.88
0.00,3.19
0.13,-0.51
0.05,5.79
0.00,1.36
0.55,-0.59
0.03,4.02
0.01,4.65
0.28,-0.88
0.20,1.89
0.00,4.67
0.48,0.92
0.21,-0.77
0.00,9.57
0.00,2.72
0.07,3.34
0.00,3.02
0.27,-1.26
0.02,6.65
0.06,1.35
0.06,-0.57
0.37,-1.01
0.41,-0.55
0.03,3.17
0.00,0.71
0.02,4.33
0.17,-1.63
0.02,0.67
0.32,-1.07
0.00,2.82
0.41,-0.67
0.17,-1.66
0.45,-0.75
0.07,3.62
0.44,-0.76
0.08,3.70
0.58,-0.54
0.02,3.02
0.00,2.07
0.29,-0.98
0.00,6.36
0.05,4.37
0.09,2.61
0.01,1.21
0.09,5.84
0.30,-0.88
0.82,0.51
0.26,-1.19
0.14,1.27
0.10,2.51
0.00,2.30
0.00,0.78
0.87,0.63
0.00,8.11
0.11,-1.05
0.55,-0.58
0.07,2.38
0.20,-0.74
0.03,3.27
0.31,-1.14
0.18,-1.62
0.00,1.57
0.09,0.72
0.04,4.12
0.00,7.80
0.11,0.59
0.00,2.07
0.02,5.31
0.41,-0.56
0.37,-1.00
0.03,3.12
0.04,6.13
0.00,1.54
0.54,-0.62
0.00,4.03
0.10,0.82
0.35,-0.83
0.27,-0.96
0.05,3.69
0.19,0.66
0.22,-1.09
0.38,-0.79
0.02,7.64
0.01,6.70
0.03,3.55
0.03,4.46
0.14,3.19
0.00,1.90
0.12,3.61
0.26,-1.33
0.11,-2.10
0.03,2.20
0.09,1.86
0.02,5.24
0.79,0.83
0.03,2.84
0.05,3.16
0.08,2.46
0.23,-0.84
0.01,1.52
0.05,0.69
0.30,-0.89
0.30,-0.81
0.00,7.75
0.02,3.84
0.01,2.89
0.91,1.23
0.01,1.67
0.00,1.03
0.18,-1.11
0.12,1.93
0.16,-0.51
0.03,-0.62
0.17,-1.75
0.02,0.80
0.30,-0.52
0.34,-0.73
0.01,1.91
0.40,-0.54
0.04,4.88
0.00,9.06
0.05,1.00
0.02,4.69
0.07,3.13
0.08,2.79
0.16,-1.14
0.04,1.18
0.00,2.43
0.04,1.16
0.07,2.95
0.00,1.95
0.34,-1.07
0.06,6.83
0.18,1.87
0.54,-0.59
0.38,-0.98
0.01,2.35
0.22,-1.32
0.06,1.98
0.45,-0.71
0.14,-1.89
0.00,6.76
0.18,0.68
0.50,0.75
0.45,-0.80
0.13,-1.29
0.00,2.92
0.51,-0.65
0.00,10.96
0.00,3.06
0.39,-0.93
0.00,3.97
0.14,-1.88
0.35,-0.98
0.11,1.43
0.00,10.58
0.54,-0.55
0.00,13.70
0.00,2.21
0.09,5.70
0.02,3.20
0.00,8.57
0.00,3.02
0.07,3.47
0.11,4.29
0.00,2.65
0.03,3.72
0.03,1.54
0.30,-1.01
0.11,-2.22
0.03,4.52
0.14,5.03
0.05,1.75
0.27,0.62
0.03,2.96
0.25,0.51
0.00,0.53
0.03,1.79
0.89,0.61
0.97,1.07
0.02,8.75
0.05,4.58
0.53,-0.62
0.15,-1.76
0.13,-1.65
0.04,4.85
0.05,2.27
0.05,9.41
0.06,3.04
0.09,3.01
0.03,3.93
0.00,4.82
0.00,2.12
0.09,4.39
0.27,-0.75
0.39,-0.59
0.12,-1.28
0.39,-0.75
0.03,2.21
0.18,-1.71
0.00,0.56
0.36,-1.03
0.00,11.57
0.32,-0.85
0.19,-1.34
0.06,6.09
0.19,2.27
0.05,6.47
0.04,1.38
0.60,-0.50
0.05,5.06
0.06,2.54
0.18,-1.65
0.31,-0.53
0.29,-1.23
0.00,3.51
0.55,-0.51
0.11,5.74
0.26,0.57
0.01,3.09
0.03,4.79
0.04,3.74
0.01,1.42
0.09,4.71
0.01,1.05
0.09,2.22
0.16,2.75
0.26,-0.89
0.07,4.56
0.02,1.44
0.01,1.27
0.68,0.68
0.16,-0.64
0.34,-0.57
0.32,-1.12
0.21,-0.79
0.59,-0.51
0.93,0.58
0.00,1.65
0.03,5.83
0.18,-1.05
0.02,2.78
0.15,6.05
0.02,5.10
0.00,14.75
0.43,-0.74
0.01,9.31
0.13,0.80
0.09,1.28
0.21,0.63
0.09,-1.99
0.00,2.20
0.12,-1.83
0.04,0.77
0.01,3.28
0.00,3.60
0.00,3.58
0.06,4.67
0.39,-0.70
0.25,-1.13
0.01,15.05
0.54,-0.57
0.14,3.66
0.00,9.16
0.00,3.11
0.00,8.04
0.01,3.12
0.00,4.04
0.28,1.01
0.07,-2.44
0.03,1.30
0.05,11.61
0.08,-2.46
0.03,2.27
0.38,-0.65
0.03,5.24
0.05,1.57
0.00,8.20
0.01,-0.52
0.05,11.69
0.00,2.63
0.00,1.10
0.00,4.63
0.09,0.62
0.41,-0.77
0.02,3.94
0.09,0.58
0.06,10.46
0.88,0.89
0.06,1.16
0.27,-0.90
0.01,9.26
0.21,0.76
0.56,-0.54
0.91,0.60
0.04,1.93
0.00,4.56
0.23,-0.85
0.01,1.73
0.06,8.37
0.03,2.12
0.03,3.89
0.01,1.28
0.30,-1.13
0.38,-0.92
0.00,8.09
0.20,-0.90
0.84,1.27
0.00,5.94
0.00,3.30
0.15,-1.70
0.75,0.63
0.01,3.98
0.00,6.69
0.02,7.35
0.04,4.63
0.18,-1.10
0.16,2.24
0.75,1.40
0.00,8.66
0.04,4.36
0.39,-0.88
0.00,4.41
0.14,1.00
0.36,-1.01
0.00,6.51
0.14,-1.32
0.19,4.22
0.00,2.02
0.19,-0.67
0.18,-1.00
0.00,1.46
0.02,1.11
0.00,2.29
0.11,3.08
0.16,-1.20
0.11,-1.68
0.18,-1.63
0.10,3.62
0.05,0.61
0.37,-0.52
0.17,0.91
0.50,-0.69
0.05,4.42
0.00,3.31
0.49,-0.71
0.05,1.79
0.00,2.30
0.00,1.15
0.02,6.65
0.05,3.46
0.04,2.84
0.03,4.98
0.04,0.70
0.00,2.10
0.38,-0.98
0.97,0.63
0.27,-0.81
0.02,1.43
0.20,-1.40
0.01,4.90
0.04,8.61
0.28,-1.27
0.60,-0.51
0.03,0.51
0.02,4.66
0.33,-1.10
0.77,0.70
0.01,0.80
0.16,-1.80
0.02,0.65
0.02,2.84
0.02,5.87
0.04,4.63
0.05,5.46
0.00,2.12
0.02,5.83
0.00,13.02
0.04,7.91
0.06,0.56
0.03,2.29
0.02,2.80
0.07,3.83
0.63,0.83
0.98,1.11
0.03,1.22
0.00,1.75
0.14,2.31
0.29,-1.17
0.03,4.55
0.05,4.40
0.29,0.65
0.12,-2.09
0.00,5.28
0.05,2.53
0.00,3.87
0.42,-0.85
0.23,-1.01
0.00,2.04
0.00,4.64
0.44,-0.59
0.02,0.67
0.07,2.73
0.22,-1.52
0.09,-2.36
0.02,1.08
0.56,-0.54
0.06,3.49
0.05,0.96
0.00,7.45
0.02,11.95
0.14,4.73
0.00,3.70
0.09,4.17
0.04,3.97
0.00,12.31
0.00,2.30
0.15,1.76
0.32,-1.14
0.29,0.71
0.00,4.05
0.03,3.75
0.09,1.43
0.11,2.49
0.04,3.64
0.00,4.02
0.36,-0.90
0.23,0.69
0.08,1.21
0.01,8.87
0.30,0.62
0.36,-0.87
0.00,5.99
0.00,5.22
0.06,4.77
0.02,10.77
0.00,6.51
0.00,4.44
0.23,-1.15
0.02,2.10
0.18,-1.52
0.02,5.35
0.00,14.56
0.05,4.69
0.28,-1.27
0.00,0.71
0.00,4.33
0.54,-0.60
0.00,1.71
0.21,-1.45
0.15,-1.09
0.00,4.56
0.24,-0.64
0.05,3.84
0.12,4.07
0.00,2.68
0.00,1.83
0.00,6.17
0.02,-0.53
0.00,13.32
0.16,1.68
0.42,-0.86
0.00,0.98
0.00,12.44
0.02,6.68
0.05,3.37
0.58,0.64
0.01,2.77
0.53,-0.62
0.14,-1.64
0.21,-1.02
0.20,-1.60
0.02,4.66
0.02,4.46
0.02,5.37
0.08,7.99
0.15,1.97
0.02,0.64
0.01,6.70
0.38,-0.96
0.00,9.20
0.34,-0.96
0.02,1.76
0.46,-0.76
0.10,4.65
0.09,1.88
0.02,5.19
0.00,7.84
0.07,1.52
0.12,-1.24
0.12,2.77
0.20,-1.03
0.17,-0.56
0.45,-0.80
0.13,-2.03
0.04,5.71
0.26,-0.68
0.09,-0.68
0.16,-0.93
0.03,2.08
0.24,0.89
0.17,0.57
0.00,5.68
0.16,-1.85
0.37,-0.94
0.04,4.87
0.03,0.57
0.36,-0.52
0.27,-1.16
0.04,3.75
0.00,1.19
0.03,1.68
0.05,3.69
0.26,0.55
0.00,1.30
0.22,-1.40
0.11,-2.14
0.79,0.63
0.05,3.27
0.49,-0.61
0.00,2.36
0.00,2.54
0.04,0.60
0.07,0.89
0.00,2.62
0.19,-1.52
0.14,4.94
0.00,9.29
0.18,-1.48
0.00,7.09
0.00,3.13
0.00,1.56
0.00,7.09
0.00,3.34
0.33,-1.09
0.20,-1.55
0.22,-1.51
0.01,1.03
0.00,1.30
0.56,-0.53
0.90,0.66
0.15,-1.33
0.41,-0.84
0.08,1.12
0.31,-0.52
0.18,-1.30
0.30,-1.10
0.04,3.83
0.34,-0.65
0.13,4.32
0.15,-1.25
0.07,3.23
0.51,-0.54
0.03,2.85
0.12,0.92
0.04,5.99
0.39,-0.90
0.01,1.50
0.54,-0.59
0.00,0.64
0.01,2.95
0.00,3.17
0.00,4.95
0.22,-0.89
0.00,1.39
0.54,-0.57
0.05,1.20
0.13,0.81
0.04,6.39
0.00,0.86
0.03,7.65
0.02,0.76
0.01,5.91
0.02,5.96
0.48,-0.69
0.00,1.98
0.11,1.71
0.55,-0.59
0.00,2.17
0.14,-1.92
0.05,3.03
0.23,-1.08
0.07,3.72
0.00,5.26
0.00,6.97
0.40,-0.57
0.02,4.53
0.02,1.98
0.07,5.51
0.00,5.73
0.03,4.40
0.21,-1.25
0.25,-1.28
0.02,12.45
0.02,5.59
0.00,3.55
0.42,-0.86
0.06,0.74
0.02,7.93
0.00,1.50
0.05,3.75
0.47,-0.76
0.16,2.98
0.53,-0.62
0.05,3.71
0.05,1.80
0.08,6.55
0.04,2.09
0.35,-1.03
0.05,10.56
0.01,2.60
0.56,-0.56
0.15,5.42
0.26,-1.15
0.00,2.00
0.00,4.29
0.16,2.52
0.16,-1.61
0.54,1.04
0.05,2.53
0.02,4.41
0.03,4.09
0.19,-0.84
0.00,14.48
0.12,2.09
0.57,-0.55
0.03,4.88
0.00,6.57
0.15,1.33
0.03,2.68
0.02,3.78
0.19,-1.47
0.02,16.91
0.34,-0.54
0.07,-2.30
0.29,-1.15
0.00,6.38
0.01,1.59
0.00,10.17
0.00,8.54
0.02,1.18
0.02,0.69
0.14,0.59
0.05,3.44
0.30,-0.97
0.03,4.53
0.41,-0.90
0.44,-0.83
0.02,1.32
0.00,1.02
0.04,6.09
0.00,7.56
0.25,-1.25
0.00,0.75
0.02,3.96
0.05,3.64
0.00,7.23
0.04,1.01
0.02,5.59
0.04,4.44
0.07,0.69
0.17,-1.62
0.01,-0.84
0.07,1.97
0.04,2.35
0.29,-1.23
0.05,9.70
0.09,5.42
0.00,7.77
0.23,0.93
0.51,-0.62
0.00,2.62
0.00,17.26
0.15,-1.66
0.42,-0.72
0.34,-1.01
0.19,-1.32
0.57,-0.52
0.09,2.16
0.17,0.52
0.00,6.68
0.46,-0.57
0.06,3.90
0.00,0.70
0.27,-1.05
0.54,-0.62
0.01,0.95
0.02,4.30
0.02,1.16
0.11,7.31
0.48,-0.69
0.14,1.45
0.23,-1.41
0.07,1.79
0.03,0.89
0.45,-0.56
0.00,3.03
0.02,4.51
0.00,3.56
0.11,-1.92
0.00,3.17
0.01,2.98
0.40,-0.88
0.05,4.27
0.04,1.77
0.00,1.50
0.30,1.22
0.15,0.63
0.10,-1.40
0.01,1.42
0.20,-1.47
0.04,4.79
0.03,5.62
0.06,5.82
0.17,-1.66
0.04,0.80
0.00,3.36
0.00,-1.16
0.04,5.29
0.01,6.89
0.11,0.73
0.00,5.25
0.25,-0.71
0.01,1.87
0.52,-0.55
0.46,-0.78
0.05,7.07
0.04,3.54
0.06,2.14
0.00,1.16
0.00,4.14
0.29,-0.62
0.27,-1.25
0.02,1.11
0.33,-1.09
0.22,-0.94
0.00,1.86
0.05,4.82
0.32,-0.76
0.03,5.84
0.22,-0.65
0.07,1.78
0.00,12.32
0.03,3.30
0.00,3.24
0.56,-0.57
0.11,1.38
0.29,-1.20
0.00,7.16
0.11,1.30
0.21,-1.47
0.16,7.38
0.18,-1.58
0.02,2.02
0.00,7.40
0.26,-0.80
0.05,4.03
0.04,3.52
0.47,-0.69
0.34,-0.58
0.01,1.67
0.00,5.41
0.04,0.99
0.25,-1.05
0.01,0.72
0.03,2.45
0.05,7.38
0.04,2.73
0.11,4.59
0.32,-1.10
0.05,3.95
0.00,5.38
0.05,6.34
0.00,2.08
0.23,-1.38
0.00,5.84
0.04,4.43
0.00,2.33
0.25,2.43
0.03,5.24
0.41,-0.68
0.00,1.16
0.04,4.03
0.08,1.62
0.04,3.28
0.55,0.53
0.06,4.66
0.28,-0.99
0.12,7.02
0.03,2.36
0.29,-1.15
0.00,1.28
0.01,11.67
0.46,-0.78
0.34,-1.07
0.39,-0.79
0.17,-1.03
0.09,0.81
0.08,3.69
0.02,6.08
0.05,3.53
0.00,1.70
0.28,-1.11
0.04,0.85
0.18,-0.51
0.04,3.46
0.13,3.89
0.00,5.57
0.00,8.67
0.01,6.51
0.11,0.76
0.00,3.13
0.01,2.10
0.05,1.88
0.18,-1.67
0.27,0.63
0.11,3.12
0.00,6.03
0.03,3.43
0.37,-0.63
0.09,0.71
0.30,-0.94
0.05,4.32
0.00,0.95
0.13,8.65
0.02,1.13
0.95,0.53
0.00,4.73
0.54,-0.51
0.00,1.89
0.16,1.70
0.08,2.22
0.01,0.70
0.01,9.65
0.47,-0.62
0.03,3.43
0.05,3.83
0.02,3.64
0.36,-0.98
0.16,1.06
0.03,1.88
0.03,3.94
0.52,-0.66
0.18,3.25
0.00,1.24
0.01,16.06
0.10,4.41
0.00,3.39
0.02,0.53
0.65,0.59
0.04,4.95
0.56,-0.55
0.25,0.68
0.12,-2.04
0.05,2.09
0.00,6.06
0.06,9.00
0.41,-0.85
0.42,-0.86
0.00,1.39
0.13,2.36
0.07,2.00
0.02,8.62
0.00,4.16
0.05,5.45
0.06,1.74
0.03,1.09
0.00,7.48
0.12,-1.31
0.09,4.70
0.03,1.97
0.17,0.62
0.03,3.42
0.61,-0.50
0.22,-1.27
0.03,3.79
0.02,0.70
0.33,-0.81
0.02,1.02
0.07,1.20
0.02,9.21
0.29,-0.52
0.02,1.14
0.04,1.91
0.11,-2.01
0.03,4.77
0.12,1.48
0.34,-0.62
0.04,2.86
0.04,1.96
0.03,0.88
0.00,4.91
0.00,6.12
0.25,-1.33
0.28,-0.66
0.27,-0.93
0.03,1.67
0.13,-1.64
0.03,1.60
0.03,4.18
0.48,-0.61
0.32,-1.09
0.24,-1.40
0.21,-0.58
0.07,4.45
0.02,7.66
0.13,2.98
0.46,-0.74
0.00,7.57
0.05,3.58
0.13,1.71
0.00,2.27
0.16,-1.72
0.40,-0.81
0.03,3.50
0.00,9.08
0.38,-0.83
0.12,0.55
0.27,-1.30
0.03,4.90
0.02,0.72
0.00,5.30
0.25,-1.30
0.08,-1.34
0.57,-0.52
0.04,4.23
0.00,10.61
0.07,4.18
0.00,4.10
0.06,1.15
0.27,0.80
0.13,-1.95
0.13,0.92
0.38,-0.59
0.00,0.68
0.38,-0.75
0.04,5.03
0.02,8.24
0.04,3.46
0.37,-1.00
0.06,0.81
0.58,-0.55
0.00,6.61
0.07,7.70
0.51,-0.62
0.02,1.09
0.36,-0.98
0.26,-1.22
0.48,-0.60
0.07,4.38
0.25,0.60
0.11,0.52
0.00,2.73
0.07,3.77
0.25,-0.76
0.20,-1.27
0.11,8.74
0.00,4.52
0.01,2.34
0.40,1.22
0.08,1.22
0.00,3.46
0.01,3.82
0.54,-0.56
0.13,-0.70
0.55,-0.58
0.03,4.41
0.00,3.62
0.00,7.50
0.40,-0.92
0.01,1.28
0.48,-0.62
0.04,3.99
0.02,12.92
0.07,1.42
0.07,5.00
0.00,1.43
0.15,-1.28
0.01,0.99
0.12,-1.24
0.00,2.00
0.28,-1.15
0.18,2.35
0.10,1.62
0.00,2.99
0.00,10.80
0.16,3.92
0.07,1.59
0.03,5.45
0.12,3.09
0.00,4.68
0.09,7.49
0.02,3.27
0.00,0.86
0.27,-1.28
0.00,2.26
0.00,-2.30
0.04,4.26
0.05,5.86
0.02,3.43
0.10,2.18
0.34,-0.61
0.06,5.02
0.02,4.42
0.23,-1.43
0.01,4.33
0.00,4.07
0.18,2.36
0.01,1.12
0.20,-1.08
0.00,4.60
0.00,7.97
0.16,0.59
0.00,3.23
0.03,5.66
0.00,13.22
0.00,4.68
0.09,0.66
0.04,4.70
0.41,-0.62
0.00,4.82
0.05,1.25
0.00,15.81
0.03,5.87
0.07,8.52
0.02,1.16
0.06,1.55
0.04,3.63
0.09,-1.61
0.45,-0.80
0.03,5.38
0.16,4.29
0.13,4.73
0.02,6.04
0.35,-0.95
0.37,-0.94
0.17,-1.16
0.09,6.00
0.40,-0.60
0.44,-0.81
0.00,10.28
0.00,5.59
0.23,-1.47
0.04,2.79
0.00,9.43
0.00,3.78
0.00,5.10
0.00,5.93
0.02,11.48
0.02,10.70
0.21,1.11
0.04,7.70
0.39,-0.91
0.03,4.80
0.02,2.75
0.10,6.87
0.43,-0.85
0.02,3.01
0.19,-1.21
0.05,4.78
0.03,5.11
0.00,7.31
0.00,1.09
0.04,2.71
0.25,-0.91
0.06,3.78
0.59,-0.51
0.09,-1.54
0.01,3.05
0.04,1.98
0.01,8.87
0.22,-1.39
0.00,4.91
0.10,2.77
0.00,12.40
0.01,3.78
0.88,0.52
0.54,0.95
0.57,-0.55
0.03,3.27
0.34,-1.07
0.00,3.11
0.00,5.41
0.07,3.80
0.31,-1.15
0.00,11.66
0.05,2.81
0.29,-1.24
0.06,2.63
0.02,1.11
0.05,5.42
0.49,-0.63
0.42,-0.78
0.17,-1.68
0.03,0.89
0.00,2.59
0.00,3.87
0.03,4.26
0.03,5.49
0.05,1.07
0.00,2.74
0.42,-0.84
0.00,4.82
0.04,7.41
0.16,-0.76
0.00,3.19
0.01,1.02
0.00,5.20
0.11,3.91
0.00,3.95
0.00,0.86
0.09,1.43
0.03,4.92
0.48,-0.72
0.01,2.83
0.33,-1.11
0.00,5.92
0.06,1.88
0.00,1.08
0.00,14.61
0.14,-1.19
0.02,7.03
0.05,15.66
0.02,4.23
0.04,5.09
0.02,1.40
0.02,1.11
0.12,2.68
0.14,-1.95
0.02,0.91
0.00,4.76
0.00,0.83
0.20,-1.20
0.00,1.11
0.04,7.65
0.80,0.84
0.01,2.67
0.05,4.10
0.07,3.43
0.27,-0.79
0.05,4.30
0.07,3.02
0.48,-0.64
0.00,5.40
0.14,-1.95
0.31,-0.89
0.07,4.47
0.01,1.28
0.03,3.18
0.02,2.42
0.45,-0.80
0.02,0.69
0.01,2.16
0.00,10.48
0.12,-1.27
0.00,1.55
0.57,-0.53
0.29,-0.99
0.00,4.27
0.14,-0.63
0.00,2.47
0.02,12.71
0.00,5.27
0.60,-0.50
0.34,-0.73
0.05,3.15
0.04,2.68
0.02,4.62
0.00,6.36
0.02,2.60
0.41,-0.85
0.49,-0.69
0.00,4.85
0.16,0.69
0.12,0.58
0.02,10.69
0.00,6.32
0.01,5.14
0.29,-0.87
0.38,-0.56
0.00,1.42
0.00,1.36
0.06,3.59
0.00,2.81
0.13,1.02
0.04,3.59
0.02,10.77
0.07,5.31
0.11,2.68
0.55,-0.51
0.00,1.75
0.00,1.14
0.06,8.13
0.24,-1.26
0.03,5.32
0.45,-0.74
0.00,5.81
0.00,8.09
0.05,4.37
0.14,-1.85
0.18,-1.73
0.00,5.84
0.50,-0.59
0.37,-1.00
0.04,5.89
0.11,3.02
0.00,1.42
0.00,3.03
0.11,-1.25
0.01,10.86
0.03,3.90
0.04,3.12
0.32,-0.78
0.49,-0.68
0.13,-1.73
0.23,-1.17
0.11,1.02
0.48,-0.69
0.95,0.84
0.04,4.44
0.15,-0.79
0.82,0.66
0.02,13.12
0.00,1.16
0.11,2.34
0.07,3.52
0.16,2.94
0.45,-0.52
0.00,5.59
0.03,1.37
0.94,0.86
0.01,3.80
0.78,0.93
0.00,1.24
0.01,2.69
0.00,4.89
0.23,-0.96
0.20,0.76
0.12,0.62
0.09,1.83
0.39,-0.93
0.07,2.86
0.17,-1.52
0.46,-0.75
0.36,-0.71
0.00,2.05
0.01,8.52
0.03,2.73
0.04,-0.91
0.01,10.28
0.13,-1.95
0.76,0.56
0.22,-1.38
0.03,4.81
0.16,-1.71
0.09,3.42
0.00,6.81
0.00,1.46
0.30,-0.94
0.00,2.20
0.06,3.24
0.01,3.25
0.00,7.94
0.62,0.60
0.15,4.58
0.00,5.57
0.48,-0.57
0.00,3.51
0.52,-0.62
0.13,-1.54
0.30,1.18
0.05,5.15
0.37,-0.87
0.04,3.56
0.00,2.60
0.43,-0.83
0.18,-1.62
0.02,8.26
0.01,4.77
0.00,2.26
0.04,1.66
0.56,-0.57
0.00,5.78
0.13,0.56
0.00,4.47
0.43,-0.66
0.00,6.80
0.16,-1.59
0.53,-0.53
0.07,0.72
0.51,-0.55
0.07,2.14
0.11,-1.84
0.00,1.72
0.28,0.87
0.00,1.49
0.31,-1.16
0.03,0.82
0.15,-1.27
0.03,1.67
0.02,2.21
0.03,2.99
0.21,-1.55
0.54,-0.60
0.05,5.34
0.00,4.35
0.00,4.35
0.11,2.12
0.12,3.33
0.00,5.34
0.01,3.60
0.10,2.08
0.52,-0.66
0.37,-0.85
0.57,-0.55
0.34,-0.87
0.17,2.12
0.12,-0.97
0.10,-2.31
0.12,0.84
0.18,1.35
0.05,3.72
0.80,1.15
0.32,-1.06
0.16,-0.62
0.09,4.24
0.03,4.24
0.49,0.63
0.31,-0.88
0.00,3.07
0.16,-1.58
0.01,5.16
0.04,9.30
0.41,-0.68
0.00,6.56
0.03,1.60
0.41,-0.60
0.35,-1.05
0.03,4.24
0.39,-0.56
0.42,-0.86
0.00,2.24
0.05,3.06
0.04,0.79
0.52,-0.60
0.00,6.23
0.22,-1.20
0.10,8.77
0.02,4.77
0.22,0.67
0.08,-1.99
0.01,2.14
0.26,-1.33
0.28,-1.26
0.00,2.11
0.00,11.05
0.59,-0.53
0.58,-0.55
0.21,0.80
0.00,3.55
0.14,1.68
0.41,0.89
0.04,3.78
0.09,4.09
0.02,3.79
0.00,1.22
0.05,-0.54
0.47,-0.55
0.01,0.77
0.18,-1.71
0.15,1.91
0.02,1.85
0.00,1.59
0.15,-1.86
0.27,-1.29
0.00,4.85
0.04,1.34
0.00,7.31
0.25,-1.33
0.06,2.50
0.53,-0.63
0.00,8.64
0.02,4.01
0.37,-0.60
0.00,1.33
0.01,5.31
0.00,6.34
0.00,6.98
0.05,5.21
0.46,-0.76
0.02,3.83
0.04,0.59
0.02,2.58
0.23,-0.71
0.49,-0.58
0.00,8.63
0.01,-0.57
0.33,-0.55
0.01,1.19
0.05,4.08
0.12,-1.94
0.00,7.89
0.52,0.68
0.01,5.69
0.03,5.48
0.20,-1.63
0.27,-1.09
0.06,1.01
0.01,9.47
0.00,1.77
0.08,2.70
0.27,-1.21
0.00,10.72
0.00,6.28
0.14,4.73
0.02,1.04
0.03,3.75
0.00,4.07
0.02,2.16
0.00,8.77
0.06,5.27
0.16,5.05
0.06,1.41
0.00,2.91
0.00,2.12
0.38,-0.95
0.30,-1.04
0.19,3.18
0.00,9.43
0.06,4.66
0.03,0.86
0.60,-0.51
0.38,-0.78
0.00,2.00
0.33,-0.94
0.13,2.64
0.04,1.20
0.00,2.29
0.04,4.61
0.03,3.55
0.12,-1.94
0.01,1.30
0.22,0.65
0.00,0.65
0.02,1.52
0.52,-0.65
0.18,-1.68
0.00,6.12
0.01,0.57
0.56,0.54
0.02,3.16
0.00,1.03
0.02,2.89
0.02,1.26
0.51,-0.66
0.02,11.93
0.00,1.85
0.46,-0.73
0.45,-0.66
0.12,-1.23
0.21,-1.18
0.01,7.62
0.54,-0.58
0.17,-1.17
0.05,0.80
0.05,3.89
0.02,0.95
0.20,-1.50
0.19,-1.12
0.54,-0.53
0.02,3.74
0.33,-0.90
0.01,4.51
0.04,3.13
0.00,5.63
0.00,9.25
0.02,4.54
0.45,-0.65
0.00,6.20
0.02,5.21
0.01,2.52
0.00,1.61
0.28,0.80
0.09,10.17
0.00,11.37
0.11,3.61
0.00,3.32
0.00,6.94
0.44,-0.53
0.01,1.73
0.16,-1.43
0.00,5.05
0.32,0.56
0.12,0.80
0.14,-1.30
0.36,-0.95
0.02,6.62
0.23,-0.68
0.00,5.11
0.00,1.81
0.01,0.91
0.46,-0.52
0.01,8.16
0.20,-1.17
0.01,0.96
0.00,10.82
0.06,1.67
0.17,2.70
0.00,3.54
0.00,4.05
0.05,3.96
0.26,-1.05
0.01,3.20
0.03,3.32
0.01,7.08
0.37,-1.00
0.00,1.73
0.00,4.54
0.05,4.55
0.01,2.38
0.05,3.46
0.13,0.88
0.23,-1.32
0.18,-1.43
0.20,-1.16
0.38,-0.97
0.09,3.53
0.01,7.34
0.00,7.41
0.01,2.38
0.57,-0.56
0.45,-0.67
0.00,8.80
0.00,8.38
0.04,1.47
0.12,0.89
0.03,3.55
0.19,-1.62
0.00,7.50
0.22,-1.05
0.02,6.48
0.04,4.87
0.08,3.45
0.00,2.76
0.04,3.74
0.48,-0.73
0.03,3.32
0.25,-0.67
0.02,2.05
0.28,0.54
0.17,-0.83
0.54,-0.59
0.01,0.60
0.09,1.23
0.19,-1.12
0.01,1.03
0.05,2.16
0.00,2.61
0.38,-0.87
0.22,-1.33
0.12,-1.97
0.39,-0.51
0.14,1.51
0.20,-1.44
0.07,1.01
0.11,-2.19
0.21,-1.48
0.14,3.78
0.01,2.99
0.16,-1.72
0.05,3.49
0.00,13.38
0.00,3.27
0.00,1.04
0.05,6.06
0.03,4.03
0.39,-0.81
0.02,5.12
0.71,0.79
0.27,-0.83
0.02,3.32
0.44,0.81
0.00,5.60
0.39,-0.74
0.25,-1.34
0.03,4.14
0.31,-0.78
0.00,6.45
0.03,4.87
0.00,1.38
0.14,0.54
0.25,-1.30
0.29,-1.06
0.00,3.67
0.00,8.31
0.03,3.40
0.04,4.98
0.02,5.41
0.01,-0.77
0.02,0.90
0.04,5.33
0.02,3.74
0.53,-0.63
0.01,4.72
0.03,6.07
0.06,3.60
0.15,-1.77
0.00,1.48
0.00,1.68
0.00,7.89
0.40,-0.67
0.00,9.76
0.15,-0.84
0.37,-0.76
0.00,4.80
0.05,0.81
0.11,2.72
0.00,2.68
0.11,2.19
0.36,-1.02
0.01,6.32
0.30,-1.13
0.32,-1.03
0.00,3.09
0.09,5.34
0.06,3.85
0.01,1.91
0.03,1.34
0.07,-2.60
0.23,-1.43
0.02,3.24
0.38,-0.74
0.12,0.74
0.00,3.35
0.00,3.53
0.11,-1.94
0.00,2.84
0.08,5.69
0.11,-1.55
0.01,9.35
0.11,3.02
0.02,0.51
0.27,-1.03
0.24,-0.85
0.02,2.77
0.22,1.11
0.16,1.55
0.07,6.66
0.04,3.70
0.00,2.08
0.11,-1.88
0.01,1.59
0.00,6.52
0.02,0.84
0.07,2.38
0.06,4.61
0.06,5.23
0.02,4.62
0.13,-1.88
0.01,1.37
0.34,-0.93
0.27,-1.13
0.01,1.64
0.24,-1.37
0.01,2.86
0.08,3.29
0.52,-0.53
0.03,4.59
0.14,1.64
0.19,-1.34
0.04,2.39
0.20,-1.06
0.02,3.59
0.30,-1.19
0.02,7.11
0.00,8.02
0.00,0.92
0.34,-1.06
0.02,2.50
0.16,-1.59
0.07,13.87
0.05,2.77
0.19,-1.46
0.30,-0.50
0.00,2.15
0.04,3.34
0.12,0.55
0.64,1.06
0.05,1.24
0.38,-0.78
0.02,0.85
0.01,7.26
0.22,-1.22
0.00,3.63
0.32,-1.13
0.00,4.00
0.47,-0.76
0.07,3.34
0.03,3.29
0.16,-1.77
0.20,-1.00
0.04,0.78
0.00,0.53
0.22,2.86
0.42,-0.62
0.12,2.41
0.07,3.34
0.00,4.90
0.02,1.04
0.00,2.58
0.50,-0.60
0.21,0.62
0.18,-1.10
0.37,-0.68
0.07,3.38
0.00,0.59
0.41,-0.88
0.00,5.58
0.43,-0.85
0.00,2.06
0.25,-1.39
0.12,1.61
0.00,5.62
0.23,-1.06
0.04,4.02
0.09,3.91
0.41,-0.61
0.10,8.02
0.00,3.54
0.23,-1.03
0.27,-0.86
0.38,-0.97
0.05,3.97
0.03,5.84
0.43,-0.79
0.16,-1.78
0.30,-1.08
0.02,4.31
0.01,3.16
0.04,3.81
0.00,2.36
0.01,6.71
0.01,5.70
0.10,-1.99
0.00,1.31
0.06,6.12
0.00,0.83
0.16,-1.86
0.00,11.89
0.18,-1.10
0.00,2.30
0.17,-1.24
0.00,0.66
0.02,6.45
0.35,-1.00
0.04,5.29
0.00,3.19
0.00,2.46
0.43,-0.78
0.00,2.41
0.03,2.10
0.44,-0.79
0.10,5.16
0.05,-0.64
0.00,2.50
0.28,-0.55
0.00,2.48
0.02,0.84
0.54,-0.60
0.03,0.63
0.20,-1.32
0.35,-1.05
0.36,-0.76
0.16,-1.78
0.35,-0.82
0.12,0.86
0.12,7.26
0.07,1.58
0.96,0.69
0.28,-1.13
0.01,2.51
0.00,3.14
0.02,3.16
0.07,3.13
0.00,2.96
0.19,-1.01
0.12,1.87
0.00,4.09
0.07,6.04
0.02,3.62
0.40,0.62
0.00,1.20
0.21,-1.41
0.22,-1.50
0.21,0.76
0.23,-1.11
0.02,4.87
0.04,1.68
0.61,-0.50
0.47,-0.74
0.00,1.80
0.00,1.89
0.00,2.60
0.34,-0.84
0.00,8.61
0.01,3.80
0.45,-0.80
0.00,8.86
0.00,3.62
0.00,2.15
0.05,2.51
0.00,7.96
0.36,-0.80
0.01,5.09
0.23,-1.39
0.04,1.66
0.00,1.51
0.00,2.94
0.52,-0.66
0.00,2.02
0.05,2.05
0.00,7.00
0.23,-1.38
0.05,6.42
0.03,2.34
0.12,1.26
0.02,2.04
0.48,-0.65
0.18,0.85
0.00,3.87
0.01,1.77
0.07,7.61
0.27,-1.30
0.27,-1.12
0.28,-1.26
0.29,-1.03
0.23,-1.20
0.30,-1.04
0.04,3.25
0.01,3.15
0.27,-1.31
0.01,9.68
0.00,1.76
0.08,0.93
0.59,-0.51
0.01,12.30
0.18,-1.23
0.00,3.34
0.41,-0.89
0.04,1.95
0.22,-1.49
0.00,1.98
0.50,-0.70
0.11,-1.64
0.00,2.67
0.20,-0.72
0.16,-1.34
0.01,1.00
0.00,2.57
0.24,-1.37
0.05,3.84
0.14,-0.98
0.54,-0.62
0.00,7.45
0.01,9.68
0.05,3.59
0.48,-0.67
0.53,-0.62
0.01,10.28
0.07,2.12
0.01,1.61
0.55,-0.53
0.00,4.28
0.07,1.02
0.03,2.43
0.59,-0.52
0.45,-0.70
0.02,5.55
0.48,-0.73
0.00,2.67
0.04,5.31
0.88,1.05
0.36,-0.87
0.03,0.52
0.42,-0.58
0.39,-0.73
0.52,-0.59
0.08,1.37
0.00,3.54
0.12,-2.07
0.00,6.72
0.09,1.40
0.07,1.12
0.25,-0.88
0.01,8.63
0.54,-0.52
0.03,3.99
0.07,5.99
0.06,0.70
0.05,4.11
0.02,6.27
0.04,4.33
0.04,7.50
0.05,2.95
0.11,-2.03
0.59,-0.52
0.10,-1.20
0.11,-2.13
0.16,-1.73
0.07,-2.64
0.00,4.61
0.04,-0.66
0.04,0.79
0.02,0.86
0.03,5.24
0.03,3.41
0.55,-0.51
0.07,6.02
0.20,-1.28
0.03,4.34
0.06,11.02
0.30,0.69
0.00,9.32
0.03,3.84
0.04,7.39
0.03,4.89
0.06,2.98
0.02,0.56
0.26,-0.62
0.00,3.10
0.06,3.57
0.55,-0.58
0.00,1.04
0.07,3.83
0.53,-0.54
0.32,-1.07
0.01,3.87
0.03,-0.50
0.38,-0.92
0.07,5.65
0.00,5.55
0.11,0.58
0.04,0.68
0.01,2.93
0.00,4.74
0.02,4.68
0.03,0.57
0.00,8.79
0.06,3.00
0.08,2.27
0.01,0.54
0.11,3.46
0.09,4.39
0.16,-1.84
0.24,-1.06
0.04,8.62
0.00,12.95
0.09,7.05
0.02,1.98
0.00,6.53
0.02,17.37
0.00,5.13
0.00,8.13
0.00,3.29
0.04,4.60
0.03,5.77
